,FedFunds,SP500,FedFunds_change,SP500_change
1954-07-01,0.8,30.8799991607666,,
1954-08-01,1.22,29.829999923706055,0.41999999999999993,-3.400256689108283
1954-09-01,1.07,32.310001373291016,-0.1499999999999999,8.31378295651315
1954-10-01,0.85,31.68000030517578,-0.22000000000000008,-1.9498639471925983
1954-11-01,0.83,34.2400016784668,-0.020000000000000018,8.080812337848275
1954-12-01,1.28,35.97999954223633,0.45000000000000007,5.0817692128321434
1955-01-01,1.39,36.630001068115234,0.10999999999999988,1.8065634634482963
1955-02-01,1.29,36.7599983215332,-0.09999999999999987,0.35489284637537644
1955-03-01,1.35,36.58000183105469,0.06000000000000005,-0.4896531520597991
1955-04-01,1.43,37.959999084472656,0.07999999999999985,3.7725456105538457
1955-05-01,1.43,37.90999984741211,0.0,-0.13171559079673267
1955-06-01,1.64,41.029998779296875,0.20999999999999996,8.230015680408265
1955-07-01,1.68,43.52000045776367,0.040000000000000036,6.068734468798498
1955-08-01,1.96,43.18000030517578,0.28,-0.7812503423979988
1955-09-01,2.18,43.66999816894531,0.2200000000000002,1.1347796672219967
1955-10-01,2.24,42.34000015258789,0.06000000000000005,-3.045564625883612
1955-11-01,2.35,45.5099983215332,0.10999999999999988,7.487005568070493
1955-12-01,2.48,45.47999954223633,0.1299999999999999,-0.06591689827130098
1956-01-01,2.45,43.81999969482422,-0.029999999999999805,-3.649955725858134
1956-02-01,2.5,45.34000015258789,0.04999999999999982,3.4687368059092005
1956-03-01,2.5,48.47999954223633,0.0,6.925450769918484
1956-04-01,2.62,48.380001068115234,0.1200000000000001,-0.20626748157036578
1956-05-01,2.75,45.20000076293945,0.1299999999999999,-6.572964520398816
1956-06-01,2.71,46.970001220703125,-0.040000000000000036,3.9159301501935806
1956-07-01,2.75,49.38999938964844,0.040000000000000036,5.152220792105577
1956-08-01,2.73,47.5099983215332,-0.020000000000000018,-3.806440759967411
1956-09-01,2.95,45.349998474121094,0.2200000000000002,-4.546411121284177
1956-10-01,2.96,45.58000183105469,0.009999999999999787,0.5071739022545874
1956-11-01,2.88,45.08000183105469,-0.08000000000000007,-1.0969723122286945
1956-12-01,2.94,46.66999816894531,0.06000000000000005,3.527054732272239
1957-01-01,2.84,44.720001220703125,-0.10000000000000009,-4.178266605417901
1957-02-01,3.0,43.2599983215332,0.16000000000000014,-3.264764891137828
1957-03-01,2.96,44.11000061035156,-0.040000000000000036,1.9648689824272703
1957-04-01,3.0,45.7400016784668,0.040000000000000036,3.695309556927806
1957-05-01,3.0,47.43000030517578,0.0,3.6947935389005204
1957-06-01,3.0,47.369998931884766,0.0,-0.12650510838067008
1957-07-01,2.99,47.90999984741211,-0.009999999999999787,1.139963959686452
1957-08-01,3.24,45.220001220703125,0.25,-5.614691369810732
1957-09-01,3.47,42.41999816894531,0.22999999999999998,-6.191957045936314
1957-10-01,3.5,41.060001373291016,0.029999999999999805,-3.2060274737350625
1957-11-01,3.28,41.720001220703125,-0.2200000000000002,1.6074033739351679
1957-12-01,2.98,39.9900016784668,-0.2999999999999998,-4.146691015382409
1958-01-01,2.72,41.70000076293945,-0.2599999999999998,4.276066548387836
1958-02-01,1.67,40.84000015258789,-1.0500000000000003,-2.0623515458442876
1958-03-01,1.2,42.099998474121094,-0.47,3.0852064564778514
1958-04-01,1.26,43.439998626708984,0.06000000000000005,3.182898340035778
1958-05-01,0.63,44.09000015258789,-0.63,1.4963203186642238
1958-06-01,0.93,45.2400016784668,0.30000000000000004,2.6083046538873944
1958-07-01,0.68,47.189998626708984,-0.25,4.3103379219597615
1958-08-01,1.53,47.75,0.85,1.1866950404488152
1958-09-01,1.76,50.060001373291016,0.22999999999999998,4.837699211080659
1958-10-01,1.8,51.33000183105469,0.040000000000000036,2.5369564980501025
1958-11-01,2.27,52.47999954223633,0.47,2.240400682171595
1958-12-01,2.42,55.209999084472656,0.1499999999999999,5.201980880428936
1959-01-01,2.48,55.45000076293945,0.06000000000000005,0.43470690535529766
1959-02-01,2.43,55.40999984741211,-0.04999999999999982,-0.07213871050850695
1959-03-01,2.8,55.439998626708984,0.36999999999999966,0.05413964876284094
1959-04-01,2.96,57.59000015258789,0.16000000000000014,3.878069226435943
1959-05-01,2.9,58.68000030517578,-0.06000000000000005,1.8926899630141936
1959-06-01,3.39,58.470001220703125,0.4900000000000002,-0.3578716485693856
1959-07-01,3.47,60.5099983215332,0.08000000000000007,3.488963670669043
1959-08-01,3.5,59.599998474121094,0.029999999999999805,-1.5038834451401306
1959-09-01,3.76,56.880001068115234,0.2599999999999998,-4.563754153763799
1959-10-01,3.98,57.52000045776367,0.2200000000000002,1.125174714539856
1959-11-01,4.0,58.279998779296875,0.020000000000000018,1.3212766263645426
1959-12-01,3.99,59.88999938964844,-0.009999999999999787,2.7625268429543715
1960-01-01,3.99,55.61000061035156,0.0,-7.146433165662447
1960-02-01,3.97,56.119998931884766,-0.020000000000000018,0.9170982124360405
1960-03-01,3.84,55.34000015258789,-0.13000000000000034,-1.3898766823634334
1960-04-01,3.92,54.369998931884766,0.08000000000000007,-1.7528030683566342
1960-05-01,3.85,55.83000183105469,-0.06999999999999984,2.6853097808573256
1960-06-01,3.32,56.91999816894531,-0.5300000000000002,1.9523487410747942
1960-07-01,3.23,55.5099983215332,-0.08999999999999986,-2.477160739230988
1960-08-01,2.98,56.959999084472656,-0.25,2.612143409806178
1960-09-01,2.6,53.52000045776367,-0.3799999999999999,-6.039323528793261
1960-10-01,2.47,53.38999938964844,-0.1299999999999999,-0.24290184417660177
1960-11-01,2.44,55.540000915527344,-0.03000000000000025,4.026974246970605
1960-12-01,1.98,58.11000061035156,-0.45999999999999996,4.627295017032895
1961-01-01,1.45,61.779998779296875,-0.53,6.315605111681144
1961-02-01,2.54,63.439998626708984,1.09,2.686953512806456
1961-03-01,2.02,65.05999755859375,-0.52,2.553592318652309
1961-04-01,1.49,65.30999755859375,-0.53,0.384260696866523
1961-05-01,1.98,66.55999755859375,0.49,1.9139489308333646
1961-06-01,1.73,64.63999938964844,-0.25,-2.884612739438741
1961-07-01,1.17,66.76000213623047,-0.56,3.2797072503090607
1961-08-01,2.0,68.06999969482422,0.8300000000000001,1.962249126236637
1961-09-01,1.88,66.7300033569336,-0.1200000000000001,-1.9685564035524905
1961-10-01,2.26,68.62000274658203,0.3799999999999999,2.832308249018034
1961-11-01,2.61,71.31999969482422,0.3500000000000001,3.934708306867085
1961-12-01,2.33,71.55000305175781,-0.2799999999999998,0.3224948933227223
1962-01-01,2.15,68.83999633789062,-0.18000000000000016,-3.7875703679660533
1962-02-01,2.37,69.95999908447266,0.2200000000000002,1.6269651455015577
1962-03-01,2.85,69.55000305175781,0.48,-0.5860435078333781
1962-04-01,2.78,65.23999786376953,-0.07000000000000028,-6.196987776953589
1962-05-01,2.36,59.630001068115234,-0.41999999999999993,-8.599014376684643
1962-06-01,2.68,54.75,0.3200000000000003,-8.18380174526715
1962-07-01,2.71,58.22999954223633,0.029999999999999805,6.356163547463622
1962-08-01,2.93,59.119998931884766,0.2200000000000002,1.5284207395586336
1962-09-01,2.9,56.27000045776367,-0.03000000000000025,-4.820701159695096
1962-10-01,2.9,56.52000045776367,0.0,0.4442864723053441
1962-11-01,2.94,62.2599983215332,0.040000000000000036,10.155693236518859
1962-12-01,2.93,63.099998474121094,-0.009999999999999787,1.3491811359355177
1963-01-01,2.92,66.19999694824219,-0.010000000000000231,4.912834467646587
1963-02-01,3.0,64.29000091552734,0.08000000000000007,-2.8851905147490475
1963-03-01,2.98,66.56999969482422,-0.020000000000000018,3.54642828873597
1963-04-01,2.9,69.80000305175781,-0.08000000000000007,4.85204051635999
1963-05-01,3.0,70.80000305175781,0.10000000000000009,1.432664693808805
1963-06-01,2.99,69.37000274658203,-0.009999999999999787,-2.0197743552784697
1963-07-01,3.02,69.12999725341797,0.029999999999999805,-0.3459787857308272
1963-08-01,3.49,72.5,0.4700000000000002,4.87487759362728
1963-09-01,3.48,71.69999694824219,-0.010000000000000231,-1.1034524851831873
1963-10-01,3.5,74.01000213623047,0.020000000000000018,3.2217646949912693
1963-11-01,3.48,73.2300033569336,-0.020000000000000018,-1.0539099537669627
1963-12-01,3.38,75.0199966430664,-0.10000000000000009,2.4443441268302557
1964-01-01,3.48,77.04000091552734,0.10000000000000009,2.6926211181690807
1964-02-01,3.48,77.80000305175781,0.0,0.9865032803722196
1964-03-01,3.43,78.9800033569336,-0.04999999999999982,1.5167098443309435
1964-04-01,3.47,79.45999908447266,0.040000000000000036,0.6077433617846628
1964-05-01,3.5,80.37000274658203,0.029999999999999805,1.145234926496741
1964-06-01,3.5,81.69000244140625,0.0,1.6424034462041215
1964-07-01,3.42,83.18000030517578,-0.08000000000000007,1.8239659924582208
1964-08-01,3.5,81.83000183105469,0.08000000000000007,-1.6229844543978578
1964-09-01,3.45,84.18000030517578,-0.04999999999999982,2.8718054766427636
1964-10-01,3.36,84.86000061035156,-0.0900000000000003,0.8077931844982178
1964-11-01,3.52,84.41999816894531,0.16000000000000014,-0.5185039338222452
1964-12-01,3.85,84.75,0.33000000000000007,0.3909048071693455
1965-01-01,3.9,87.55999755859375,0.04999999999999982,3.3156313375737545
1965-02-01,3.98,87.43000030517578,0.08000000000000007,-0.1484664881711284
1965-03-01,4.05,86.16000366210938,0.06999999999999984,-1.4525867993062547
1965-04-01,4.09,89.11000061035156,0.040000000000000036,3.4238588937520076
1965-05-01,4.1,88.41999816894531,0.009999999999999787,-0.7743266038381047
1965-06-01,4.05,84.12000274658203,-0.04999999999999982,-4.8631480563336105
1965-07-01,4.09,85.25,0.040000000000000036,1.3433157590617029
1965-08-01,4.12,87.16999816894531,0.03000000000000025,2.252197265625
1965-09-01,4.02,89.95999908447266,-0.10000000000000053,3.2006435403612254
1965-10-01,4.08,92.41999816894531,0.0600000000000005,2.7345476984306227
1965-11-01,4.1,91.61000061035156,0.019999999999999574,-0.8764310480866455
1965-12-01,4.32,92.43000030517578,0.22000000000000064,0.8950984492533287
1966-01-01,4.42,92.87999725341797,0.09999999999999964,0.4868516139310053
1966-02-01,4.6,91.22000122070312,0.17999999999999972,-1.7872481500894488
1966-03-01,4.66,89.2300033569336,0.0600000000000005,-2.1815367651166873
1966-04-01,4.67,91.05999755859375,0.009999999999999787,2.050873173611678
1966-05-01,4.9,86.12999725341797,0.23000000000000043,-5.414013219145442
1966-06-01,5.17,84.73999786376953,0.2699999999999996,-1.613838887697483
1966-07-01,5.3,83.5999984741211,0.1299999999999999,-1.345290793470555
1966-08-01,5.53,77.0999984741211,0.23000000000000043,-7.77511975913745
1966-09-01,5.4,76.55999755859375,-0.1299999999999999,-0.7003903063741213
1966-10-01,5.53,80.19999694824219,0.1299999999999999,4.754440315730979
1966-11-01,5.76,80.44999694824219,0.22999999999999954,0.31172071011591473
1966-12-01,5.4,80.33000183105469,-0.35999999999999943,-0.14915490582889657
1967-01-01,4.94,86.61000061035156,-0.45999999999999996,7.817750076122998
1967-02-01,5.0,86.77999877929688,0.05999999999999961,0.19628006898431138
1967-03-01,4.53,90.19999694824219,-0.46999999999999975,3.9409981759082724
1967-04-01,4.05,94.01000213623047,-0.4800000000000004,4.223952679482368
1967-05-01,3.94,89.08000183105469,-0.10999999999999988,-5.244123171097992
1967-06-01,3.98,90.63999938964844,0.040000000000000036,1.7512320683966465
1967-07-01,3.79,94.75,-0.18999999999999995,4.5344225927046455
1967-08-01,3.9,93.63999938964844,0.10999999999999988,-1.1715046019541542
1967-09-01,3.99,96.70999908447266,0.0900000000000003,3.2785131512544696
1967-10-01,3.88,93.30000305175781,-0.11000000000000032,-3.526001514834398
1967-11-01,4.13,94.0,0.25,0.750264657391142
1967-12-01,4.51,96.47000122070312,0.3799999999999999,2.627660873088433
1968-01-01,4.61,92.23999786376953,0.10000000000000053,-4.384786258327322
1968-02-01,4.71,89.36000061035156,0.09999999999999964,-3.1222867737610738
1968-03-01,5.05,90.19999694824219,0.33999999999999986,0.9400138005295933
1968-04-01,5.76,97.45999908447266,0.71,8.048783128447724
1968-05-01,6.12,98.68000030517578,0.3600000000000003,1.2517968727310258
1968-06-01,6.07,99.58000183105469,-0.04999999999999982,0.9120404571296925
1968-07-01,6.03,97.73999786376953,-0.040000000000000036,-1.8477645445386437
1968-08-01,6.03,98.86000061035156,0.0,1.145900113629117
1968-09-01,5.78,102.66999816894531,-0.25,3.853932364021051
1968-10-01,5.91,103.41000366210938,0.1299999999999999,0.7207611827813265
1968-11-01,5.82,108.37000274658203,-0.08999999999999986,4.79644029477011
1968-12-01,6.02,103.86000061035156,0.1999999999999993,-4.161670224164238
1969-01-01,6.3,103.01000213623047,0.28000000000000025,-0.8184079232870456
1969-02-01,6.61,98.12999725341797,0.3100000000000005,-4.737408777410479
1969-03-01,6.79,101.51000213623047,0.17999999999999972,3.4444155481669236
1969-04-01,7.41,103.69000244140625,0.6200000000000001,2.1475719232574964
1969-05-01,8.67,103.45999908447266,1.2599999999999998,-0.22181825780509534
1969-06-01,8.9,97.70999908447266,0.23000000000000043,-5.5577035094551475
1969-07-01,8.61,91.83000183105469,-0.2900000000000009,-6.0178050440206965
1969-08-01,9.19,95.51000213623047,0.5800000000000001,4.007405239897643
1969-09-01,9.15,93.12000274658203,-0.03999999999999915,-2.5023550792507288
1969-10-01,9.0,97.12000274658203,-0.15000000000000036,4.29553251935102
1969-11-01,8.85,93.80999755859375,-0.15000000000000036,-3.408160105416358
1969-12-01,8.97,92.05999755859375,0.120000000000001,-1.8654728126465958
1970-01-01,8.98,85.0199966430664,0.009999999999999787,-7.647187814714607
1970-02-01,8.98,89.5,0.0,5.269352545074413
1970-03-01,7.76,89.62999725341797,-1.2200000000000006,0.14524832784130748
1970-04-01,8.1,81.5199966430664,0.33999999999999986,-9.048310675968807
1970-05-01,7.95,76.55000305175781,-0.14999999999999947,-6.096655785045735
1970-06-01,7.61,72.72000122070312,-0.33999999999999986,-5.003268031831565
1970-07-01,7.21,78.05000305175781,-0.40000000000000036,7.329485343211539
1970-08-01,6.62,81.5199966430664,-0.5899999999999999,4.445859648471129
1970-09-01,6.29,84.30000305175781,-0.33000000000000007,3.410214086322405
1970-10-01,6.2,83.25,-0.08999999999999986,-1.2455551764489758
1970-11-01,5.6,87.19999694824219,-0.6000000000000005,4.744741078969605
1970-12-01,4.9,92.1500015258789,-0.6999999999999993,5.676610952836159
1971-01-01,4.14,95.87999725341797,-0.7600000000000007,4.0477435331257805
1971-02-01,3.72,96.75,-0.4199999999999995,0.9073871208846063
1971-03-01,3.71,100.30999755859375,-0.010000000000000231,3.6795840398901714
1971-04-01,4.16,103.94999694824219,0.4500000000000002,3.6287503521493125
1971-05-01,4.63,99.62999725341797,0.46999999999999975,-4.155843984271779
1971-06-01,4.91,98.69999694824219,0.28000000000000025,-0.9334541110246564
1971-07-01,5.31,95.58000183105469,0.39999999999999947,-3.161089375538295
1971-08-01,5.57,99.02999877929688,0.2600000000000007,3.6095384831027033
1971-09-01,5.55,98.33999633789062,-0.020000000000000462,-0.6967610319212669
1971-10-01,5.2,94.2300033569336,-0.34999999999999964,-4.179370687421347
1971-11-01,4.91,93.98999786376953,-0.29000000000000004,-0.2547017771557858
1971-12-01,4.14,102.08999633789062,-0.7700000000000005,8.617936650941683
1972-01-01,3.51,103.94000244140625,-0.6299999999999999,1.8121325985678283
1972-02-01,3.3,106.56999969482422,-0.20999999999999996,2.530303243835852
1972-03-01,3.83,107.19999694824219,0.5300000000000002,0.5911581638566643
1972-04-01,4.17,107.66999816894531,0.33999999999999986,0.43843398701779446
1972-05-01,4.27,109.52999877929688,0.09999999999999964,1.7275012928234856
1972-06-01,4.46,107.13999938964844,0.1900000000000004,-2.1820500468225923
1972-07-01,4.55,107.38999938964844,0.08999999999999986,0.23333955705076015
1972-08-01,4.81,111.08999633789062,0.2599999999999998,3.445383154177417
1972-09-01,4.87,110.55000305175781,0.0600000000000005,-0.48608632994313616
1972-10-01,5.05,111.58000183105469,0.17999999999999972,0.9317039808806271
1972-11-01,5.06,116.66999816894531,0.009999999999999787,4.561746060550775
1972-12-01,5.33,118.05000305175781,0.27000000000000046,1.1828275516162945
1973-01-01,5.94,116.02999877929688,0.6100000000000003,-1.7111429226946195
1973-02-01,6.58,111.68000030517578,0.6399999999999997,-3.749029147535643
1973-03-01,7.09,111.5199966430664,0.5099999999999998,-0.14326975436259604
1973-04-01,7.12,106.97000122070312,0.03000000000000025,-4.07998167084429
1973-05-01,7.84,104.94999694824219,0.7199999999999998,-1.8883838921280538
1973-06-01,8.49,104.26000213623047,0.6500000000000004,-0.6574510072182238
1973-07-01,10.4,108.22000122070312,1.9100000000000001,3.7981958597107512
1973-08-01,10.5,104.25,0.09999999999999964,-3.6684542375921225
1973-09-01,10.78,108.43000030517578,0.27999999999999936,4.009592618873659
1973-10-01,10.01,108.29000091552734,-0.7699999999999996,-0.12911499516223834
1973-11-01,10.03,95.95999908447266,0.019999999999999574,-11.38609449331598
1973-12-01,9.95,97.55000305175781,-0.08000000000000007,1.656944541949712
1974-01-01,9.65,96.56999969482422,-0.29999999999999893,-1.0046164287802473
1974-02-01,8.97,96.22000122070312,-0.6799999999999997,-0.3624298179839891
1974-03-01,9.35,93.9800033569336,0.379999999999999,-2.3279960874575067
1974-04-01,10.51,90.30999755859375,1.1600000000000001,-3.9050922188215487
1974-05-01,11.31,87.27999877929688,0.8000000000000007,-3.355108915079963
1974-06-01,11.93,86.0,0.6199999999999992,-1.4665430765341547
1974-07-01,12.92,79.30999755859375,0.9900000000000002,-7.779072606286341
1974-08-01,12.01,72.1500015258789,-0.9100000000000001,-9.027860614199469
1974-09-01,11.34,63.540000915527344,-0.6699999999999999,-11.933472527042577
1974-10-01,10.06,73.9000015258789,-1.2799999999999994,16.30469068473035
1974-11-01,9.45,69.97000122070312,-0.6100000000000012,-5.31799759679239
1974-12-01,8.53,68.55999755859375,-0.9199999999999999,-2.015154548392628
1975-01-01,7.13,76.9800033569336,-1.3999999999999995,12.281222430242678
1975-02-01,6.24,81.58999633789062,-0.8899999999999997,5.9885590801832755
1975-03-01,5.54,83.36000061035156,-0.7000000000000002,2.1693888367524616
1975-04-01,5.49,87.30000305175781,-0.04999999999999982,4.7264904181358425
1975-05-01,5.22,91.1500015258789,-0.27000000000000046,4.410078281255658
1975-06-01,5.55,95.19000244140625,0.33000000000000007,4.432255455728451
1975-07-01,6.1,88.75,0.5499999999999998,-6.765418926604571
1975-08-01,6.14,86.87999725341797,0.040000000000000036,-2.107045348261438
1975-09-01,6.24,83.87000274658203,0.10000000000000053,-3.464542589770303
1975-10-01,5.82,89.04000091552734,-0.41999999999999993,6.164299510716309
1975-11-01,5.22,91.23999786376953,-0.6000000000000005,2.470796187804769
1975-12-01,5.2,90.19000244140625,-0.019999999999999574,-1.1508060575922352
1976-01-01,4.87,100.86000061035156,-0.33000000000000007,11.830577536437348
1976-02-01,4.77,99.70999908447266,-0.10000000000000053,-1.1401958347409313
1976-03-01,4.84,102.7699966430664,0.07000000000000028,3.0688973891187965
1976-04-01,4.82,101.63999938964844,-0.019999999999999574,-1.0995400314574244
1976-05-01,5.29,100.18000030517578,0.46999999999999975,-1.4364414534041692
1976-06-01,5.48,104.27999877929688,0.1900000000000004,4.092631724527229
1976-07-01,5.31,103.44000244140625,-0.17000000000000082,-0.8055200879589886
1976-08-01,5.29,102.91000366210938,-0.019999999999999574,-0.5123731310786583
1976-09-01,5.25,105.23999786376953,-0.040000000000000036,2.2641085596599275
1976-10-01,5.02,102.9000015258789,-0.23000000000000043,-2.2234857329811897
1976-11-01,4.95,102.0999984741211,-0.0699999999999994,-0.7774567929006437
1976-12-01,4.65,107.45999908447266,-0.2999999999999998,5.249755818272761
1977-01-01,4.61,102.02999877929688,-0.040000000000000036,-5.053043319782036
1977-02-01,4.68,99.81999969482422,0.0699999999999994,-2.16602872774031
1977-03-01,4.69,98.41999816894531,0.010000000000000675,-1.4025260770978543
1977-04-01,4.73,98.44000244140625,0.040000000000000036,0.02032541438030666
1977-05-01,5.35,96.12000274658203,0.6199999999999992,-2.356765174000408
1977-06-01,5.39,100.4800033569336,0.040000000000000036,4.535997176203366
1977-07-01,5.42,98.8499984741211,0.03000000000000025,-1.6222181810864988
1977-08-01,5.9,96.7699966430664,0.4800000000000004,-2.1042001650604325
1977-09-01,6.14,96.52999877929688,0.23999999999999932,-0.24800854820193896
1977-10-01,6.47,92.33999633789062,0.33000000000000007,-4.340622080588785
1977-11-01,6.51,94.83000183105469,0.040000000000000036,2.696562261116653
1977-12-01,6.56,95.0999984741211,0.04999999999999982,0.28471647986194615
1978-01-01,6.7,89.25,0.14000000000000057,-6.151418052559709
1978-02-01,6.78,87.04000091552734,0.08000000000000007,-2.476189450389532
1978-03-01,6.79,89.20999908447266,0.009999999999999787,2.49310448773008
1978-04-01,6.89,96.83000183105469,0.09999999999999964,8.541646479972131
1978-05-01,7.36,97.23999786376953,0.47000000000000064,0.4234183878568887
1978-06-01,7.6,95.52999877929688,0.23999999999999932,-1.758534679184498
1978-07-01,7.81,100.68000030517578,0.20999999999999996,5.390978322711981
1978-08-01,8.04,103.29000091552734,0.22999999999999954,2.5923724696466754
1978-09-01,8.45,102.54000091552734,0.41000000000000014,-0.7261109433171264
1978-10-01,8.96,93.1500015258789,0.5100000000000016,-9.157401312473112
1978-11-01,9.76,94.69999694824219,0.7999999999999989,1.6639778818819062
1978-12-01,10.03,96.11000061035156,0.2699999999999996,1.4889162698495273
1979-01-01,10.07,99.93000030517578,0.040000000000000924,3.9746120804964313
1979-02-01,10.06,96.27999877929688,-0.009999999999999787,-3.652558305546061
1979-03-01,10.09,101.58999633789062,0.02999999999999936,5.515161638883992
1979-04-01,10.01,101.76000213623047,-0.08000000000000007,0.16734501867132767
1979-05-01,10.24,99.08000183105469,0.23000000000000043,-2.6336480433519993
1979-06-01,10.29,102.91000366210938,0.049999999999998934,3.865564957886636
1979-07-01,10.47,103.80999755859375,0.1800000000000015,0.8745446161282588
1979-08-01,10.94,109.31999969482422,0.46999999999999886,5.307776000206954
1979-09-01,11.43,109.31999969482422,0.4900000000000002,0.0
1979-10-01,13.77,101.81999969482422,2.34,-6.8605927743659585
1979-11-01,13.18,106.16000366210938,-0.5899999999999999,4.262427794434354
1979-12-01,13.78,107.94000244140625,0.5999999999999996,1.6767131856573192
1980-01-01,13.82,114.16000366210938,0.040000000000000924,5.762461626846416
1980-02-01,14.13,113.66000366210938,0.3100000000000005,-0.4379817659080465
1980-03-01,17.19,102.08999633789062,3.0600000000000005,-10.17948878359558
1980-04-01,17.61,106.29000091552734,0.41999999999999815,4.114021675283275
1980-05-01,10.98,111.23999786376953,-6.629999999999999,4.657067368148904
1980-06-01,9.47,114.23999786376953,-1.5099999999999998,2.696871680700652
1980-07-01,9.03,121.66999816894531,-0.4400000000000013,6.503851929370663
1980-08-01,9.61,122.37999725341797,0.5800000000000001,0.5835449125977554
1980-09-01,10.87,125.45999908447266,1.2599999999999998,2.5167526558092623
1980-10-01,12.81,127.47000122070312,1.9400000000000013,1.6021059707461927
1980-11-01,15.85,140.52000427246094,3.039999999999999,10.237705284997123
1980-12-01,18.9,135.75999450683594,3.049999999999999,-3.3874250077558954
1981-01-01,19.08,129.5500030517578,0.17999999999999972,-4.57424256507718
1981-02-01,15.93,131.27000427246094,-3.1499999999999986,1.327673624226744
1981-03-01,14.7,136.0,-1.2300000000000004,3.603257083561595
1981-04-01,15.72,132.80999755859375,1.0200000000000014,-2.3455900304457766
1981-05-01,18.52,132.58999633789062,2.799999999999999,-0.1656510991245752
1981-06-01,19.1,131.2100067138672,0.5800000000000018,-1.0407946769277254
1981-07-01,19.04,130.9199981689453,-0.060000000000002274,-0.22102624044086916
1981-08-01,17.82,122.79000091552734,-1.2199999999999989,-6.209897164012057
1981-09-01,15.87,116.18000030517578,-1.950000000000001,-5.383174982545091
1981-10-01,15.08,121.88999938964844,-0.7899999999999991,4.914786597929011
1981-11-01,13.31,126.3499984741211,-1.7699999999999996,3.6590361037046826
1981-12-01,12.37,122.55000305175781,-0.9400000000000013,-3.007515210331868
1982-01-01,13.22,120.4000015258789,0.8500000000000014,-1.7543871663315058
1982-02-01,14.78,113.11000061035156,1.5599999999999987,-6.054817959417069
1982-03-01,14.68,111.95999908447266,-0.09999999999999964,-1.016710741467064
1982-04-01,14.94,116.44000244140625,0.2599999999999998,4.001432112868697
1982-05-01,14.45,111.87999725341797,-0.4900000000000002,-3.916184380263066
1982-06-01,14.15,109.61000061035156,-0.29999999999999893,-2.0289566489036126
1982-07-01,12.59,107.08999633789062,-1.5600000000000005,-2.299064189789768
1982-08-01,10.12,119.51000213623047,-2.4700000000000006,11.597727353685027
1982-09-01,10.31,120.41999816894531,0.19000000000000128,0.7614392238714407
1982-10-01,9.71,133.72000122070312,-0.5999999999999996,11.044679666161716
1982-11-01,9.2,138.52999877929688,-0.5100000000000016,3.5970666427492137
1982-12-01,8.95,140.63999938964844,-0.25,1.5231362368761436
1983-01-01,8.68,145.3000030517578,-0.2699999999999996,3.3134269641161396
1983-02-01,8.51,148.05999755859375,-0.16999999999999993,1.8995144176650713
1983-03-01,8.77,152.9600067138672,0.2599999999999998,3.3094753721945036
1983-04-01,8.8,164.42999267578125,0.030000000000001137,7.498682961860914
1983-05-01,8.63,162.38999938964844,-0.16999999999999993,-1.240645488658032
1983-06-01,8.98,167.63999938964844,0.34999999999999964,3.2329577065905557
1983-07-01,9.37,162.55999755859375,0.3899999999999988,-3.030304133589956
1983-08-01,9.56,164.39999389648438,0.19000000000000128,1.1318875280047935
1983-09-01,9.45,166.07000732421875,-0.11000000000000121,1.015823290593243
1983-10-01,9.48,163.5500030517578,0.030000000000001137,-1.517434913783755
1983-11-01,9.34,166.39999389648438,-0.14000000000000057,1.742580734666599
1983-12-01,9.47,164.92999267578125,0.13000000000000078,-0.8834142275375267
1984-01-01,9.56,163.41000366210938,0.08999999999999986,-0.9215964840669444
1984-02-01,9.59,157.05999755859375,0.02999999999999936,-3.8859347415754475
1984-03-01,9.91,159.17999267578125,0.3200000000000003,1.349799535299634
1984-04-01,10.29,160.0500030517578,0.379999999999999,0.5465576177959841
1984-05-01,10.32,150.5500030517578,0.030000000000001137,-5.935644997724765
1984-06-01,11.06,153.17999267578125,0.7400000000000002,1.7469210034617433
1984-07-01,11.23,150.66000366210938,0.16999999999999993,-1.6451162907453964
1984-08-01,11.64,166.67999267578125,0.41000000000000014,10.633206308424414
1984-09-01,11.3,166.10000610351562,-0.33999999999999986,-0.3479641215210494
1984-10-01,9.99,166.08999633789062,-1.3100000000000005,-0.006026348740029164
1984-11-01,9.43,163.5800018310547,-0.5600000000000005,-1.5112255778064076
1984-12-01,8.38,167.24000549316406,-1.049999999999999,2.23743955320983
1985-01-01,8.35,179.6300048828125,-0.030000000000001137,7.408514101104169
1985-02-01,8.5,181.17999267578125,0.15000000000000036,0.8628779996860514
1985-03-01,8.58,180.66000366210938,0.08000000000000007,-0.28700134379759934
1985-04-01,8.27,179.8300018310547,-0.3100000000000005,-0.4594275513284285
1985-05-01,7.97,189.5500030517578,-0.2999999999999998,5.405105444993996
1985-06-01,7.53,191.85000610351562,-0.4399999999999995,1.2134017487352766
1985-07-01,7.88,190.9199981689453,0.34999999999999964,-0.48475783423665986
1985-08-01,7.9,188.6300048828125,0.020000000000000462,-1.1994517641396585
1985-09-01,7.92,182.0800018310547,0.019999999999999574,-3.472407826012114
1985-10-01,7.99,189.82000732421875,0.07000000000000028,4.250881708769816
1985-11-01,8.05,202.1699981689453,0.0600000000000005,6.506158659888994
1985-12-01,8.27,211.27999877929688,0.21999999999999886,4.506109063095853
1986-01-01,8.14,211.77999877929688,-0.129999999999999,0.23665278440403448
1986-02-01,7.86,226.9199981689453,-0.28000000000000025,7.148927885973944
1986-03-01,7.48,238.89999389648438,-0.3799999999999999,5.279391778691878
1986-04-01,6.99,235.52000427246094,-0.4900000000000002,-1.4148136083619978
1986-05-01,6.85,247.35000610351562,-0.14000000000000057,5.022928675463656
1986-06-01,6.92,250.83999633789062,0.07000000000000028,1.4109521521153523
1986-07-01,6.56,236.1199951171875,-0.3600000000000003,-5.868283142882347
1986-08-01,6.17,252.92999267578125,-0.3899999999999997,7.119260505765657
1986-09-01,5.89,231.32000732421875,-0.28000000000000025,-8.54386034765885
1986-10-01,5.85,243.97999572753906,-0.040000000000000036,5.47293273494327
1986-11-01,6.04,249.22000122070312,0.1900000000000004,2.147719315076868
1986-12-01,6.91,242.1699981689453,0.8700000000000001,-2.828827147590973
1987-01-01,6.43,274.0799865722656,-0.4800000000000004,13.176689368870086
1987-02-01,6.1,284.20001220703125,-0.33000000000000007,3.6923621317010324
1987-03-01,6.13,291.70001220703125,0.03000000000000025,2.638986515783981
1987-04-01,6.37,288.3599853515625,0.2400000000000002,-1.1450211572491154
1987-05-01,6.85,290.1000061035156,0.47999999999999954,0.6034196283620119
1987-06-01,6.73,304.0,-0.11999999999999922,4.791449018971927
1987-07-01,6.58,318.6600036621094,-0.15000000000000036,4.8223696256938675
1987-08-01,6.73,329.79998779296875,0.15000000000000036,3.4958840151999793
1987-09-01,7.22,321.8299865722656,0.4899999999999993,-2.41661659057012
1987-10-01,7.29,251.7899932861328,0.07000000000000028,-21.763041421998008
1987-11-01,6.69,230.3000030517578,-0.5999999999999996,-8.53488653536516
1987-12-01,6.77,247.0800018310547,0.07999999999999918,7.286147875354443
1988-01-01,6.83,257.07000732421875,0.0600000000000005,4.043227059709542
1988-02-01,6.58,267.82000732421875,-0.25,4.181740262854561
1988-03-01,6.58,258.8900146484375,0.0,-3.334326201018556
1988-04-01,6.87,261.3299865722656,0.29000000000000004,0.9424743272317793
1988-05-01,7.09,262.1600036621094,0.21999999999999975,0.3176126477985486
1988-06-01,7.51,273.5,0.41999999999999993,4.325601228060116
1988-07-01,7.75,272.0199890136719,0.2400000000000002,-0.5411374721492224
1988-08-01,8.01,261.5199890136719,0.2599999999999998,-3.860010449258666
1988-09-01,8.19,271.9100036621094,0.17999999999999972,3.972933268934309
1988-10-01,8.3,278.9700012207031,0.11000000000000121,2.59644642106176
1988-11-01,8.35,273.70001220703125,0.049999999999998934,-1.8890880706211144
1988-12-01,8.76,277.7200012207031,0.41000000000000014,1.4687573381001906
1989-01-01,9.12,297.4700012207031,0.35999999999999943,7.111479156412925
1989-02-01,9.36,288.8599853515625,0.2400000000000002,-2.894414843113058
1989-03-01,9.85,294.8699951171875,0.4900000000000002,2.0805961609083434
1989-04-01,9.84,309.6400146484375,-0.009999999999999787,5.008993717851862
1989-05-01,9.81,320.5199890136719,-0.02999999999999936,3.5137494672926595
1989-06-01,9.53,317.9800109863281,-0.28000000000000114,-0.7924554206930945
1989-07-01,9.24,346.0799865722656,-0.28999999999999915,8.837025792525587
1989-08-01,8.99,351.45001220703125,-0.25,1.551671822445666
1989-09-01,9.02,349.1499938964844,0.02999999999999936,-0.6544368276168888
1989-10-01,8.84,340.3599853515625,-0.17999999999999972,-2.517545094824758
1989-11-01,8.55,345.989990234375,-0.28999999999999915,1.6541324259951473
1989-12-01,8.45,353.3999938964844,-0.10000000000000142,2.1416815142801804
1990-01-01,8.23,329.0799865722656,-0.21999999999999886,-6.881722621461728
1990-02-01,8.24,331.8900146484375,0.009999999999999787,0.8539042758088922
1990-03-01,8.28,339.94000244140625,0.03999999999999915,2.4254986404143253
1990-04-01,8.26,330.79998779296875,-0.019999999999999574,-2.688714062127162
1990-05-01,8.18,361.2300109863281,-0.08000000000000007,9.198919079889457
1990-06-01,8.29,358.0199890136719,0.10999999999999943,-0.8886365681221697
1990-07-01,8.15,356.1499938964844,-0.1399999999999988,-0.5223158411739148
1990-08-01,8.13,322.55999755859375,-0.019999999999999574,-9.431418479162911
1990-09-01,8.2,306.04998779296875,0.06999999999999851,-5.1184306456431905
1990-10-01,8.11,304.0,-0.08999999999999986,-0.6698212301042394
1990-11-01,7.81,322.2200012207031,-0.2999999999999998,5.993421454178649
1990-12-01,7.31,330.2200012207031,-0.5,2.482775733875209
1991-01-01,6.91,343.92999267578125,-0.39999999999999947,4.15177499981747
1991-02-01,6.25,367.07000732421875,-0.6600000000000001,6.728117681278034
1991-03-01,6.12,375.2200012207031,-0.1299999999999999,2.2202832522042026
1991-04-01,5.91,375.3399963378906,-0.20999999999999996,0.03197993624997064
1991-05-01,5.78,389.8299865722656,-0.1299999999999999,3.8604972493607503
1991-06-01,5.9,371.1600036621094,0.1200000000000001,-4.789262897479862
1991-07-01,5.82,387.80999755859375,-0.08000000000000007,4.485934295776639
1991-08-01,5.66,395.42999267578125,-0.16000000000000014,1.9648784624321625
1991-09-01,5.45,387.8599853515625,-0.20999999999999996,-1.9143735843086374
1991-10-01,5.21,392.45001220703125,-0.2400000000000002,1.1834236654519215
1991-11-01,4.81,375.2200012207031,-0.40000000000000036,-4.390370862630699
1991-12-01,4.43,417.0899963378906,-0.3799999999999999,11.15878550742815
1992-01-01,4.03,408.7799987792969,-0.39999999999999947,-1.9923751783923582
1992-02-01,4.06,412.70001220703125,0.02999999999999936,0.958954312696414
1992-03-01,3.98,403.69000244140625,-0.07999999999999963,-2.183186212532784
1992-04-01,3.73,414.95001220703125,-0.25,2.7892713957560433
1992-05-01,3.82,415.3500061035156,0.08999999999999986,0.09639568254424802
1992-06-01,3.76,408.1400146484375,-0.06000000000000005,-1.7358833150663777
1992-07-01,3.25,424.2099914550781,-0.5099999999999998,3.9373686063305824
1992-08-01,3.3,414.0299987792969,0.04999999999999982,-2.399753160189122
1992-09-01,3.22,417.79998779296875,-0.07999999999999963,0.9105593857418715
1992-10-01,3.1,418.67999267578125,-0.1200000000000001,0.2106282691536565
1992-11-01,3.09,431.3500061035156,-0.010000000000000231,3.026180770368403
1992-12-01,2.92,435.7099914550781,-0.16999999999999993,1.0107766987062838
1993-01-01,3.02,438.7799987792969,0.10000000000000009,0.7045987892006611
1993-02-01,3.03,443.3800048828125,0.009999999999999787,1.0483627595407663
1993-03-01,3.07,451.6700134277344,0.040000000000000036,1.8697299051888772
1993-04-01,2.96,440.19000244140625,-0.10999999999999988,-2.541681016015662
1993-05-01,3.0,450.19000244140625,0.040000000000000036,2.271746278774489
1993-06-01,3.04,450.5299987792969,0.040000000000000036,0.07552285391652092
1993-07-01,3.06,448.1300048828125,0.020000000000000018,-0.532704570835929
1993-08-01,3.03,463.55999755859375,-0.03000000000000025,3.4431956145887233
1993-09-01,3.09,458.92999267578125,0.06000000000000005,-0.9987930164805148
1993-10-01,2.99,467.8299865722656,-0.09999999999999964,1.9392922751884534
1993-11-01,3.02,461.7900085449219,0.029999999999999805,-1.291062608362914
1993-12-01,2.96,466.45001220703125,-0.06000000000000005,1.0091174724184304
1994-01-01,3.05,481.6099853515625,0.08999999999999986,3.2500745519977725
1994-02-01,3.25,467.1400146484375,0.20000000000000018,-3.004499728667853
1994-03-01,3.34,445.7699890136719,0.08999999999999986,-4.574651060635082
1994-04-01,3.56,450.9100036621094,0.2200000000000002,1.1530643100964522
1994-05-01,4.01,456.5,0.44999999999999973,1.2397144202814125
1994-06-01,4.25,444.2699890136719,0.2400000000000002,-2.679082362832008
1994-07-01,4.26,458.260009765625,0.009999999999999787,3.1489907258900107
1994-08-01,4.47,475.489990234375,0.20999999999999996,3.7598699649926237
1994-09-01,4.73,462.7099914550781,0.2600000000000007,-2.6877534841474704
1994-10-01,4.76,472.3500061035156,0.02999999999999936,2.0833815622011143
1994-11-01,5.29,453.69000244140625,0.5300000000000002,-3.950461187888721
1994-12-01,5.45,459.2699890136719,0.16000000000000014,1.2299117331743048
1995-01-01,5.53,470.4200134277344,0.08000000000000007,2.4277711761677034
1995-02-01,5.92,487.3900146484375,0.3899999999999997,3.607414807259257
1995-03-01,5.98,500.7099914550781,0.0600000000000005,2.732919511338072
1995-04-01,6.05,514.7100219726562,0.0699999999999994,2.796035780491146
1995-05-01,6.01,533.4000244140625,-0.040000000000000036,3.631171269946476
1995-06-01,6.0,544.75,-0.009999999999999787,2.1278543431649366
1995-07-01,5.85,562.0599975585938,-0.15000000000000036,3.177603957520647
1995-08-01,5.74,561.8800048828125,-0.10999999999999943,-0.03202374774278205
1995-09-01,5.8,584.4099731445312,0.05999999999999961,4.009747288732535
1995-10-01,5.76,581.5,-0.040000000000000036,-0.49793351897702287
1995-11-01,5.8,605.3699951171875,0.040000000000000036,4.104900278106194
1995-12-01,5.6,615.9299926757812,-0.20000000000000018,1.744387340596476
1996-01-01,5.56,636.02001953125,-0.040000000000000036,3.2617386869231213
1996-02-01,5.22,640.4299926757812,-0.33999999999999986,0.6933701784703983
1996-03-01,5.31,645.5,0.08999999999999986,0.7916567590839696
1996-04-01,5.22,654.1699829101562,-0.08999999999999986,1.343142201418468
1996-05-01,5.24,669.1199951171875,0.020000000000000462,2.2853405991703157
1996-06-01,5.27,670.6300048828125,0.02999999999999936,0.22567099722681228
1996-07-01,5.4,639.9500122070312,0.13000000000000078,-4.57480167192077
1996-08-01,5.22,651.989990234375,-0.1800000000000006,1.881393514756069
1996-09-01,5.3,687.3300170898438,0.08000000000000007,5.420332732833044
1996-10-01,5.24,705.27001953125,-0.05999999999999961,2.610100242291802
1996-11-01,5.31,757.02001953125,0.0699999999999994,7.337615178140577
1996-12-01,5.29,740.739990234375,-0.019999999999999574,-2.1505414489508046
1997-01-01,5.25,786.1599731445312,-0.040000000000000036,6.131703905412889
1997-02-01,5.19,790.8200073242188,-0.05999999999999961,0.5927590234654057
1997-03-01,5.39,757.1199951171875,0.1999999999999993,-4.261401064074876
1997-04-01,5.51,801.3400268554688,0.1200000000000001,5.840557906734034
1997-05-01,5.5,848.280029296875,-0.009999999999999787,5.857688480332501
1997-06-01,5.56,885.1400146484375,0.05999999999999961,4.345261479527585
1997-07-01,5.52,954.3099975585938,-0.040000000000000036,7.814580943742477
1997-08-01,5.54,899.469970703125,0.020000000000000462,-5.746563170852836
1997-09-01,5.54,947.280029296875,0.0,5.315359061556713
1997-10-01,5.5,914.6199951171875,-0.040000000000000036,-3.447769737522033
1997-11-01,5.52,955.4000244140625,0.019999999999999574,4.458685521263939
1997-12-01,5.5,970.4299926757812,-0.019999999999999574,1.5731597108694428
1998-01-01,5.56,980.280029296875,0.05999999999999961,1.0150177442407982
1998-02-01,5.51,1049.3399658203125,-0.04999999999999982,7.044919253631243
1998-03-01,5.49,1101.75,-0.019999999999999574,4.994571434122053
1998-04-01,5.45,1111.75,-0.040000000000000036,0.9076469253460395
1998-05-01,5.49,1090.8199462890625,0.040000000000000036,-1.8826223261468433
1998-06-01,5.56,1133.8399658203125,0.0699999999999994,3.9438240635040422
1998-07-01,5.54,1120.6700439453125,-0.019999999999999574,-1.1615326917385427
1998-08-01,5.55,957.280029296875,0.009999999999999787,-14.579671825011387
1998-09-01,5.51,1017.010009765625,-0.040000000000000036,6.239551504341101
1998-10-01,5.07,1098.6700439453125,-0.4399999999999995,8.029422856762892
1998-11-01,4.83,1163.6300048828125,-0.2400000000000002,5.912599628568138
1998-12-01,4.68,1229.22998046875,-0.15000000000000036,5.637528708495609
1999-01-01,4.63,1279.6400146484375,-0.04999999999999982,4.100944085374847
1999-02-01,4.76,1238.3299560546875,0.1299999999999999,-3.2282562377591306
1999-03-01,4.81,1286.3699951171875,0.04999999999999982,3.87942154089167
1999-04-01,4.74,1335.1800537109375,-0.0699999999999994,3.7944027596277463
1999-05-01,4.74,1301.8399658203125,0.0,-2.4970480796175143
1999-06-01,4.76,1372.7099609375,0.019999999999999574,5.443833111432483
1999-07-01,4.99,1328.719970703125,0.23000000000000043,-3.2046092391091685
1999-08-01,5.07,1320.4100341796875,0.08000000000000007,-0.6254091687235008
1999-09-01,5.22,1282.7099609375,0.14999999999999947,-2.8551792448024638
1999-10-01,5.2,1362.9300537109375,-0.019999999999999574,6.253954145238461
1999-11-01,5.42,1388.9100341796875,0.21999999999999975,1.9061858969220413
1999-12-01,5.3,1469.25,-0.1200000000000001,5.784389473992291
2000-01-01,5.45,1394.4599609375,0.15000000000000036,-5.090354879190063
2000-02-01,5.73,1366.4200439453125,0.28000000000000025,-2.0108083256356934
2000-03-01,5.85,1498.5799560546875,0.11999999999999922,9.671982835364812
2000-04-01,6.02,1452.4300537109375,0.16999999999999993,-3.0795755780191336
2000-05-01,6.27,1420.5999755859375,0.25,-2.1915050603417807
2000-06-01,6.53,1454.5999755859375,0.2600000000000007,2.3933549615877237
2000-07-01,6.54,1430.8299560546875,0.009999999999999787,-1.6341275904170893
2000-08-01,6.5,1517.6800537109375,-0.040000000000000036,6.069910494167097
2000-09-01,6.52,1436.510009765625,0.019999999999999574,-5.3482974719764265
2000-10-01,6.51,1429.4000244140625,-0.009999999999999787,-0.49494854217706497
2000-11-01,6.51,1314.949951171875,0.0,-8.006861010730892
2000-12-01,6.4,1320.280029296875,-0.10999999999999943,0.40534456237286687
2001-01-01,5.98,1366.010009765625,-0.41999999999999993,3.4636576676164488
2001-02-01,5.49,1239.93994140625,-0.4900000000000002,-9.229073539585963
2001-03-01,5.31,1160.3299560546875,-0.1800000000000006,-6.420471080339151
2001-04-01,4.8,1249.4599609375,-0.5099999999999998,7.681436165439459
2001-05-01,4.21,1255.8199462890625,-0.5899999999999999,0.5090187401275648
2001-06-01,3.97,1224.3800048828125,-0.23999999999999977,-2.503538942756467
2001-07-01,3.77,1211.22998046875,-0.20000000000000018,-1.0740149595403703
2001-08-01,3.65,1133.5799560546875,-0.1200000000000001,-6.410840688075748
2001-09-01,3.07,1040.93994140625,-0.5800000000000001,-8.172340570563886
2001-10-01,2.49,1059.780029296875,-0.5799999999999996,1.8099111333141016
2001-11-01,2.09,1139.449951171875,-0.40000000000000036,7.51759041240454
2001-12-01,1.82,1148.0799560546875,-0.2699999999999998,0.7573834088927756
2002-01-01,1.73,1130.199951171875,-0.09000000000000008,-1.5573832456979853
2002-02-01,1.74,1106.72998046875,0.010000000000000009,-2.0766211039727644
2002-03-01,1.73,1147.3900146484375,-0.010000000000000009,3.6738892862074657
2002-04-01,1.75,1076.9200439453125,0.020000000000000018,-6.141762591921907
2002-05-01,1.75,1067.1400146484375,0.0,-0.9081481352177012
2002-06-01,1.75,989.8200073242188,0.0,-7.24553538081798
2002-07-01,1.73,911.6199951171875,-0.020000000000000018,-7.900427514940766
2002-08-01,1.74,916.0700073242188,0.010000000000000009,0.4881433306494376
2002-09-01,1.75,815.280029296875,0.010000000000000009,-11.002431825242788
2002-10-01,1.75,885.760009765625,0.0,8.644880033371404
2002-11-01,1.34,936.3099975585938,-0.4099999999999999,5.706962070498589
2002-12-01,1.24,879.8200073242188,-0.10000000000000009,-6.033257188502883
2003-01-01,1.24,855.7000122070312,0.0,-2.741469268304464
2003-02-01,1.26,841.1500244140625,0.020000000000000018,-1.700360825687175
2003-03-01,1.25,848.1799926757812,-0.010000000000000009,0.8357567684332823
2003-04-01,1.26,916.9199829101562,0.010000000000000009,8.10441071800323
2003-05-01,1.26,963.5900268554688,0.0,5.0898709609522585
2003-06-01,1.22,974.5,-0.040000000000000036,1.1322214676852127
2003-07-01,1.01,990.3099975585938,-0.20999999999999996,1.6223701958536507
2003-08-01,1.03,1008.010009765625,0.020000000000000018,1.7873203593487874
2003-09-01,1.01,995.969970703125,-0.020000000000000018,-1.1944364585525724
2003-10-01,1.01,1050.7099609375,0.0,5.496148663571665
2003-11-01,1.0,1058.199951171875,-0.010000000000000009,0.7128504071372888
2003-12-01,0.98,1111.9200439453125,-0.020000000000000018,5.076554077889206
2004-01-01,1.0,1131.1300048828125,0.020000000000000018,1.7276386950755285
2004-02-01,1.01,1144.93994140625,0.010000000000000009,1.220897373761054
2004-03-01,1.0,1126.2099609375,-0.010000000000000009,-1.635891961786684
2004-04-01,1.0,1107.300048828125,0.0,-1.6790751960348183
2004-05-01,1.0,1120.6800537109375,0.0,1.208345009735412
2004-06-01,1.03,1140.8399658203125,0.030000000000000027,1.7988998771432563
2004-07-01,1.26,1101.719970703125,0.22999999999999998,-3.4290519520026264
2004-08-01,1.43,1104.239990234375,0.16999999999999993,0.22873503233691306
2004-09-01,1.61,1114.5799560546875,0.18000000000000016,0.9363875526838816
2004-10-01,1.76,1130.199951171875,0.1499999999999999,1.4014243690939843
2004-11-01,1.93,1173.8199462890625,0.16999999999999993,3.859493629597055
2004-12-01,2.16,1211.9200439453125,0.2300000000000002,3.245821284320516
2005-01-01,2.28,1181.27001953125,0.11999999999999966,-2.529046744229402
2005-02-01,2.5,1203.5999755859375,0.2200000000000002,1.8903346132113308
2005-03-01,2.63,1180.5899658203125,0.1299999999999999,-1.911765556028966
2005-04-01,2.79,1156.8499755859375,0.16000000000000014,-2.0108582083263493
2005-05-01,3.0,1191.5,0.20999999999999996,2.995204663120865
2005-06-01,3.04,1191.3299560546875,0.040000000000000036,-0.014271417986777557
2005-07-01,3.26,1234.1800537109375,0.21999999999999975,3.596828690361842
2005-08-01,3.5,1220.3299560546875,0.2400000000000002,-1.122210459860007
2005-09-01,3.62,1228.81005859375,0.1200000000000001,0.694902431673361
2005-10-01,3.78,1207.010009765625,0.1599999999999997,-1.7740779932313488
2005-11-01,4.0,1249.47998046875,0.2200000000000002,3.5186096519093324
2005-12-01,4.16,1248.2900390625,0.16000000000000014,-0.09523493171964548
2006-01-01,4.29,1280.0799560546875,0.1299999999999999,2.5466771341108085
2006-02-01,4.49,1280.6600341796875,0.20000000000000018,0.04531577283561905
2006-03-01,4.59,1294.8699951171875,0.09999999999999964,1.1095810408889628
2006-04-01,4.79,1310.6099853515625,0.20000000000000018,1.215565291784415
2006-05-01,4.94,1270.0899658203125,0.15000000000000036,-3.0916916538203165
2006-06-01,4.99,1270.199951171875,0.04999999999999982,0.008659650459597046
2006-07-01,5.24,1276.6600341796875,0.25,0.5085878803453348
2006-08-01,5.25,1303.8199462890625,0.009999999999999787,2.127419311502643
2006-09-01,5.25,1335.8499755859375,0.0,2.4566297967782313
2006-10-01,5.25,1377.93994140625,0.0,3.1508003585395628
2006-11-01,5.25,1400.6300048828125,0.0,1.6466656343095964
2006-12-01,5.24,1418.300048828125,-0.009999999999999787,1.2615782814670462
2007-01-01,5.25,1438.239990234375,0.009999999999999787,1.4059043023177953
2007-02-01,5.26,1406.8199462890625,0.009999999999999787,-2.1846175991944383
2007-03-01,5.26,1420.8599853515625,0.0,0.9979982939206433
2007-04-01,5.25,1482.3699951171875,-0.009999999999999787,4.3290690426759815
2007-05-01,5.25,1530.6199951171875,0.0,3.2549228707361655
2007-06-01,5.25,1503.3499755859375,0.0,-1.781632254788501
2007-07-01,5.26,1455.27001953125,0.009999999999999787,-3.198187836198829
2007-08-01,5.02,1473.989990234375,-0.2400000000000002,1.2863572018857905
2007-09-01,4.94,1526.75,-0.07999999999999918,3.579400817860079
2007-10-01,4.76,1549.3800048828125,-0.1800000000000006,1.4822338223554832
2007-11-01,4.49,1481.1400146484375,-0.2699999999999996,-4.404341737941575
2007-12-01,4.24,1468.3599853515625,-0.25,-0.8628508561297932
2008-01-01,3.94,1378.550048828125,-0.30000000000000027,-6.116343227776988
2008-02-01,2.98,1330.6300048828125,-0.96,-3.476119273728817
2008-03-01,2.61,1322.699951171875,-0.3700000000000001,-0.5959623397817415
2008-04-01,2.28,1385.5899658203125,-0.33000000000000007,4.75466976412291
2008-05-01,1.98,1400.3800048828125,-0.2999999999999998,1.067418170406853
2008-06-01,2.0,1280.0,0.020000000000000018,-8.596238482631446
2008-07-01,2.01,1267.3800048828125,0.009999999999999787,-0.9859371185302779
2008-08-01,2.0,1282.8299560546875,-0.009999999999999787,1.2190464669121548
2008-09-01,1.81,1166.3599853515625,-0.18999999999999995,-9.079143354379216
2008-10-01,0.97,968.75,-0.8400000000000001,-16.942452401777075
2008-11-01,0.39,896.239990234375,-0.58,-7.484904233870971
2008-12-01,0.16,903.25,-0.23,0.7821576633499472
2009-01-01,0.15,825.8800048828125,-0.010000000000000009,-8.565734305805428
2009-02-01,0.22,735.0900268554688,0.07,-10.993119762019942
2009-03-01,0.18,797.8699951171875,-0.04000000000000001,8.540446199532292
2009-04-01,0.15,872.8099975585938,-0.03,9.392507914826332
2009-05-01,0.18,919.1400146484375,0.03,5.308144638516654
2009-06-01,0.21,919.3200073242188,0.03,0.019582726560996022
2009-07-01,0.16,987.47998046875,-0.04999999999999999,7.414172714778422
2009-08-01,0.16,1020.6199951171875,0.0,3.356018886854417
2009-09-01,0.15,1057.0799560546875,-0.010000000000000009,3.5723345723119637
2009-10-01,0.12,1036.18994140625,-0.03,-1.9762000526814205
2009-11-01,0.12,1095.6300048828125,0.0,5.736406145372763
2009-12-01,0.12,1115.0999755859375,0.0,1.7770570919338313
2010-01-01,0.11,1073.8699951171875,-0.009999999999999995,-3.6974245692262153
2010-02-01,0.13,1104.489990234375,0.020000000000000004,2.8513689046546054
2010-03-01,0.16,1169.4300537109375,0.03,5.8796425545497355
2010-04-01,0.2,1186.68994140625,0.04000000000000001,1.4759230482012997
2010-05-01,0.2,1089.4100341796875,0.0,-8.197584207319053
2010-06-01,0.18,1030.7099609375,-0.020000000000000018,-5.388244223983851
2010-07-01,0.18,1101.5999755859375,0.0,6.8777849574635175
2010-08-01,0.19,1049.3299560546875,0.010000000000000009,-4.744918363260475
2010-09-01,0.19,1141.199951171875,0.0,8.755110305113556
2010-10-01,0.19,1183.260009765625,0.0,3.685599403554063
2010-11-01,0.19,1180.550048828125,0.0,-0.22902497465766558
2010-12-01,0.18,1257.6400146484375,-0.010000000000000009,6.530004034715509
2011-01-01,0.17,1286.1199951171875,-0.009999999999999981,2.2645574359139164
2011-02-01,0.16,1327.219970703125,-0.010000000000000009,3.1956563728093412
2011-03-01,0.14,1325.8299560546875,-0.01999999999999999,-0.10473129391664893
2011-04-01,0.1,1363.6099853515625,-0.04000000000000001,2.8495380666536008
2011-05-01,0.09,1345.199951171875,-0.010000000000000009,-1.350095289522324
2011-06-01,0.09,1320.6400146484375,0.0,-1.8257461652479323
2011-07-01,0.07,1292.280029296875,-0.01999999999999999,-2.147442530666621
2011-08-01,0.1,1218.8900146484375,0.03,-5.679110795232889
2011-09-01,0.08,1131.4200439453125,-0.020000000000000004,-7.1761988080896515
2011-10-01,0.07,1253.300048828125,-0.009999999999999995,10.772303843744147
2011-11-01,0.08,1246.9599609375,0.009999999999999995,-0.5058715107011391
2011-12-01,0.07,1257.5999755859375,-0.009999999999999995,0.8532763666636134
2012-01-01,0.08,1312.4100341796875,0.009999999999999995,4.358306270498535
2012-02-01,0.1,1365.6800537109375,0.020000000000000004,4.058946376811723
2012-03-01,0.13,1408.469970703125,0.03,3.133231453144192
2012-04-01,0.14,1397.9100341796875,0.010000000000000009,-0.7497452372495994
2012-05-01,0.16,1310.3299560546875,0.01999999999999999,-6.2650725714543665
2012-06-01,0.16,1362.1600341796875,0.0,3.955498222833631
2012-07-01,0.16,1379.3199462890625,0.0,1.259757420478791
2012-08-01,0.13,1406.5799560546875,-0.03,1.9763369506085704
2012-09-01,0.14,1440.6700439453125,0.010000000000000009,2.4236153617775313
2012-10-01,0.16,1412.1600341796875,0.01999999999999999,-1.9789409716293949
2012-11-01,0.16,1416.1800537109375,0.0,0.28467166850427716
2012-12-01,0.16,1426.18994140625,0.0,0.7068230956284616
2013-01-01,0.14,1498.1099853515625,-0.01999999999999999,5.0428096466868855
2013-02-01,0.15,1514.6800537109375,0.009999999999999981,1.1060648765041536
2013-03-01,0.14,1569.18994140625,-0.009999999999999981,3.5987723982872977
2013-04-01,0.15,1597.5699462890625,0.009999999999999981,1.8085767779890016
2013-05-01,0.11,1630.739990234375,-0.039999999999999994,2.0762811683057825
2013-06-01,0.09,1606.280029296875,-0.020000000000000004,-1.4999301595580827
2013-07-01,0.09,1685.72998046875,0.0,4.946207991308538
2013-08-01,0.08,1632.969970703125,-0.009999999999999995,-3.1298019479343964
2013-09-01,0.08,1681.550048828125,0.0,2.974952325919533
2013-10-01,0.09,1756.5400390625,0.009999999999999995,4.459575276194472
2013-11-01,0.08,1805.81005859375,-0.009999999999999995,2.8049471367328715
2013-12-01,0.09,1848.3599853515625,0.009999999999999995,2.3562791975445974
2014-01-01,0.07,1782.5899658203125,-0.01999999999999999,-3.5582905955811595
2014-02-01,0.07,1859.449951171875,0.0,4.31170301781616
2014-03-01,0.08,1872.3399658203125,0.009999999999999995,0.6932165418227054
2014-04-01,0.09,1883.949951171875,0.009999999999999995,0.6200789153414155
2014-05-01,0.09,1923.5699462890625,0.0,2.103028007328045
2014-06-01,0.1,1960.22998046875,0.010000000000000009,1.9058331749470137
2014-07-01,0.09,1930.6700439453125,-0.010000000000000009,-1.5079830845342368
2014-08-01,0.09,2003.3699951171875,0.0,3.7655295579825276
2014-09-01,0.09,1972.2900390625,0.0,-1.5513837249453988
2014-10-01,0.09,2018.050048828125,0.0,2.3201460667203078
2014-11-01,0.09,2067.56005859375,0.0,2.453358864631494
2014-12-01,0.12,2058.89990234375,0.03,-0.4188587515997044
2015-01-01,0.11,1994.989990234375,-0.009999999999999995,-3.1040805838410623
2015-02-01,0.11,2104.5,0.0,5.48925108906233
2015-03-01,0.11,2067.889892578125,0.0,-1.7396107114219572
2015-04-01,0.12,2085.510009765625,0.009999999999999995,0.8520819822535275
2015-05-01,0.12,2107.389892578125,0.0,1.0491382304589791
2015-06-01,0.13,2063.110107421875,0.010000000000000009,-2.1011671979729973
2015-07-01,0.13,2103.840087890625,0.0,1.9742029435184882
2015-08-01,0.14,1972.1800537109375,0.010000000000000009,-6.258081825586559
2015-09-01,0.14,1920.030029296875,0.0,-2.6442831280001466
2015-10-01,0.12,2079.360107421875,-0.020000000000000018,8.298311781266655
2015-11-01,0.12,2080.409912109375,0.0,0.050486911033487125
2015-12-01,0.24,2043.93994140625,0.12,-1.7530185032692547
2016-01-01,0.34,1940.239990234375,0.10000000000000003,-5.07353220469523
2016-02-01,0.38,1932.22998046875,0.03999999999999998,-0.41283603090035426
2016-03-01,0.36,2059.739990234375,-0.020000000000000018,6.599111444005845
2016-04-01,0.37,2065.300048828125,0.010000000000000009,0.26993982833325436
2016-05-01,0.37,2096.949951171875,0.0,1.5324602525288444
2016-06-01,0.38,2098.860107421875,0.010000000000000009,0.09109212401243738
2016-07-01,0.39,2173.60009765625,0.010000000000000009,3.5609800753315435
2016-08-01,0.4,2170.949951171875,0.010000000000000009,-0.12192428990193127
2016-09-01,0.4,2168.27001953125,0.0,-0.12344511393173052
2016-10-01,0.4,2126.14990234375,0.0,-1.942567890903446
2016-11-01,0.41,2198.81005859375,0.009999999999999953,3.4174521829295035
2016-12-01,0.54,2238.830078125,0.13000000000000006,1.8200762441865859
2017-01-01,0.65,2278.8701171875,0.10999999999999999,1.7884358198382522
2017-02-01,0.66,2363.639892578125,0.010000000000000009,3.719816006681631
2017-03-01,0.79,2362.719970703125,0.13,-0.03891971352694146
2017-04-01,0.9,2384.199951171875,0.10999999999999999,0.9091208748854607
2017-05-01,0.91,2411.800048828125,0.010000000000000009,1.1576251246328662
2017-06-01,1.04,2423.409912109375,0.13,0.4813775207812565
2017-07-01,1.15,2470.300048828125,0.10999999999999988,1.9348826001101882
2017-08-01,1.16,2471.64990234375,0.010000000000000009,0.0546433019853243
2017-09-01,1.15,2519.360107421875,-0.010000000000000009,1.9302978562167672
2017-10-01,1.15,2575.260009765625,0.0,2.218813506615125
2017-11-01,1.16,2647.580078125,0.010000000000000009,2.8082627806563343
2017-12-01,1.3,2673.610107421875,0.14000000000000012,0.9831630594270502
2018-01-01,1.41,2823.81005859375,0.10999999999999988,5.617870412552817
2018-02-01,1.42,2713.830078125,0.010000000000000009,-3.89473718793677
2018-03-01,1.51,2640.8701171875,0.09000000000000008,-2.688449860055664
2018-04-01,1.69,2648.050048828125,0.17999999999999994,0.27187749953683227
2018-05-01,1.7,2705.27001953125,0.010000000000000009,2.16083418545836
2018-06-01,1.82,2718.3701171875,0.1200000000000001,0.48424362676078303
2018-07-01,1.91,2816.2900390625,0.08999999999999986,3.602155617289915
2018-08-01,1.91,2901.52001953125,0.0,3.0263211276748248
2018-09-01,1.95,2913.97998046875,0.040000000000000036,0.42942874264617625
2018-10-01,2.19,2711.739990234375,0.24,-6.94033560936963
2018-11-01,2.2,2760.169921875,0.010000000000000231,1.7859356654779779
2018-12-01,2.27,2506.85009765625,0.06999999999999984,-9.177689467997252
2019-01-01,2.4,2704.10009765625,0.1299999999999999,7.868440166582613
2019-02-01,2.4,2784.489990234375,0.0,2.9728889343927145
2019-03-01,2.41,2834.39990234375,0.010000000000000231,1.7924256249588488
2019-04-01,2.42,2945.830078125,0.009999999999999787,3.9313498313737982
2019-05-01,2.39,2752.06005859375,-0.029999999999999805,-6.57777313668354
2019-06-01,2.38,2941.760009765625,-0.010000000000000231,6.89301639982407
2019-07-01,2.4,2980.3798828125,0.020000000000000018,1.3128152166957952
2019-08-01,2.13,2926.4599609375,-0.27,-1.8091627240523933
2019-09-01,2.04,2976.739990234375,-0.08999999999999986,1.7181177931020697
2019-10-01,1.83,3037.56005859375,-0.20999999999999996,2.0431770513684056
2019-11-01,1.55,3140.97998046875,-0.28,3.4047037714499906
2019-12-01,1.55,3230.780029296875,0.0,2.858981890573009
2020-01-01,1.55,3225.52001953125,0.0,-0.16280928190489652
2020-02-01,1.58,2954.219970703125,0.030000000000000027,-8.411048363840312
2020-03-01,0.65,2584.590087890625,-0.93,-12.511928240892821
2020-04-01,0.05,2912.429931640625,-0.6,12.68440381652789
2020-05-01,0.05,3044.31005859375,0.0,4.528181966555822
2020-06-01,0.08,3100.2900390625,0.03,1.838839651392421
2020-07-01,0.09,3271.1201171875,0.009999999999999995,5.510132148044367
2020-08-01,0.1,3500.31005859375,0.010000000000000009,7.006466690171775
2020-09-01,0.09,3363.0,-0.010000000000000009,-3.9227970178423055
2020-10-01,0.09,3269.9599609375,0.0,-2.766578622137972
2020-11-01,0.09,3621.6298828125,0.0,10.75456354438591
2020-12-01,0.09,3756.070068359375,0.0,3.712145909357001
2021-01-01,0.09,3714.239990234375,0.0,-1.1136660755445171
2021-02-01,0.08,3811.14990234375,-0.009999999999999995,2.6091451377448394
2021-03-01,0.07,3972.889892578125,-0.009999999999999995,4.2438632533165155
2021-04-01,0.07,4181.169921875,0.0,5.242532134755851
2021-05-01,0.06,4204.10986328125,-0.010000000000000009,0.548648867060697
2021-06-01,0.08,4297.5,0.020000000000000004,2.2214009565834747
2021-07-01,0.1,4395.259765625,0.020000000000000004,2.274805482838871
2021-08-01,0.09,4522.68017578125,-0.010000000000000009,2.8990416255438634
2021-09-01,0.08,4307.5400390625,-0.009999999999999995,-4.75691688019011
2021-10-01,0.08,4605.3798828125,0.0,6.914383640060651
2021-11-01,0.08,4567.0,0.0,-0.8333706184746159
2021-12-01,0.08,4766.18017578125,0.0,4.361291346206486
2022-01-01,0.08,4515.5498046875,0.0,-5.258516502739385
2022-02-01,0.08,4373.93994140625,0.0,-3.1360491945908286
2022-03-01,0.2,4530.41015625,0.12000000000000001,3.5773288371546252
2022-04-01,0.33,4131.93017578125,0.13,-8.795671180434306
2022-05-01,0.77,4132.14990234375,0.44,0.005317770464463578
2022-06-01,1.21,3785.3798828125,0.43999999999999995,-8.391999993382681
2022-07-01,1.68,4130.2900390625,0.47,9.111639173021002
2022-08-01,2.33,3955.0,0.6500000000000001,-4.244012827299837
2022-09-01,2.56,3585.6201171875,0.22999999999999998,-9.339567201327437
2022-10-01,3.08,3871.97998046875,0.52,7.98634138370089
2022-11-01,3.78,4080.110107421875,0.6999999999999997,5.375289335249311
2022-12-01,4.1,3839.5,0.31999999999999984,-5.897147407473047
2023-01-01,4.33,4076.60009765625,0.23000000000000043,6.17528578346791
2023-02-01,4.57,3970.14990234375,0.2400000000000002,-2.611249393181858
2023-03-01,4.65,4109.31005859375,0.08000000000000007,3.505161257710898
2023-04-01,4.83,4169.47998046875,0.17999999999999972,1.4642341662481018
2023-05-01,5.06,4179.830078125,0.22999999999999954,0.2482347368192972
2023-06-01,5.08,4450.3798828125,0.020000000000000462,6.472746490423464
2023-07-01,5.12,4588.9599609375,0.040000000000000036,3.113893235501086
2023-08-01,5.33,4507.66015625,0.20999999999999996,-1.7716390070854016
2023-09-01,5.33,4288.0498046875,0.0,-4.871936746562488
2023-10-01,5.33,4193.7998046875,0.0,-2.197968873798295
2023-11-01,5.33,4567.7998046875,0.0,8.917926878197013
2023-12-01,5.33,4769.830078125,0.0,4.422923115636013
2024-01-01,5.33,4845.64990234375,0.0,1.5895707598991615
2024-02-01,5.33,5096.27001953125,0.0,5.172064062372317
2024-03-01,5.33,5254.35009765625,0.0,3.1018779915342964
2024-04-01,5.33,5035.68994140625,0.0,-4.161507173789869
2024-05-01,5.33,5277.509765625,0.0,4.80211901511991
2024-06-01,5.33,5460.47998046875,0.0,3.466980128308328
2024-07-01,5.33,5522.2998046875,0.0,1.1321316887868749
2024-08-01,5.33,5648.39990234375,0.0,2.2834706936630367
2024-09-01,5.13,5762.47998046875,-0.20000000000000018,2.0196884090601275
2024-10-01,4.83,5705.4501953125,-0.2999999999999998,-0.9896743303151712
2024-11-01,4.64,6032.3798828125,-0.1900000000000004,5.7301295482098835
2024-12-01,4.48,5881.6298828125,-0.15999999999999925,-2.499013704848363
2025-01-01,4.33,6040.52978515625,-0.15000000000000036,2.70163042404441
2025-02-01,4.33,5954.5,0.0,-1.4242092699825126
2025-03-01,4.33,5611.85009765625,0.0,-5.754469768137538
2025-04-01,4.33,5569.06005859375,0.0,-0.7624943346289825
2025-05-01,4.33,5911.68994140625,0.0,6.152382614078289
2025-06-01,4.33,6204.9501953125,0.0,4.960683946771582
2025-07-01,4.33,6339.39013671875,0.0,2.16665625306407
2025-08-01,4.33,6460.259765625,0.0,1.9066444295036122
2025-09-01,4.22,6688.4599609375,-0.11000000000000032,3.5323687218701494
2025-10-01,4.09,6840.2001953125,-0.1299999999999999,2.26868719049238
2025-11-01,3.88,6849.08984375,-0.20999999999999996,0.129961816667179
2025-12-01,3.72,6845.5,-0.1599999999999997,-0.05241344225139777
2026-01-01,3.64,6939.02978515625,-0.08000000000000007,1.3662958900920286
2026-02-01,3.64,6878.8798828125,0.0,-0.8668344740704326
2026-03-01,3.64,6528.52001953125,0.0,-5.0932690968577
2026-04-01,3.64,7209.009765625,0.0,10.423338582985764
2026-05-01,3.63,7580.06005859375,-0.010000000000000231,5.147035515724263
2026-06-01,3.63,7499.35986328125,0.0,-1.0646379407113993
